MATNR;MATKL;SPART;MFRNR;MFRPN;MEINS;LVORM;MAKTX;WERKS
000000000000848379;0005;M4;;;ST;;TORNILLO;1CD0
000000000000848380;0005;M4;;;ST;;SOPORTE;1CD0
000000000000848482;0005;M4;;;ST;;MANGUERA HIDRAULICA;1CD0
000000000000848484;0005;M4;;;ST;;MANGUERA HIDRAULICA;1CD0
000000000000848483;0005;M4;;;ST;;MANGUERA;1CD0
000000000000848481;0005;M4;;;ST;;CONEXIÓN;1CD0
000000000000873493;0005;M4;;;ST;;BATERIA;1CD0
000000000000016031;0005;M4;;;ST;;ERROR;1CD0
000000000000002578;0005;M4;;;ST;;DIFERENCIA DE PRECIO;1CD0
000000000000846313;0005;M4;;;ST;;RODADO COMPLETO 380/70R24;1CD0
000000000000851505;0005;M4;;;ST;;RODADO COMPLETO 380/70R24;1CD0
000000000000857312;0005;M4;;;ST;;RODADO COMPLETO 380/70R24;1CD0
000000000000878641;0005;M0;;;ST;;KIT LOGOS ADHESIVO TROQUELADO - CAHUELMO;1CD0
000000000000878642;0005;M0;;;ST;;KIT LOGOS ADHESIVO TROQUELADO - CAHUELMO;1CD0
000000000000878643;0005;M0;;;ST;;KIT LOGOS ADHESIVO TROQUELADO - CAHUELMO;1CD0
000000000000878649;0005;M0;;;ST;;KIT LOGOS ADHESIVO TROQUELADO - CAHUELMO;1CD0
000000000000793767;0005;M0;;;ST;;ACOPLE RAPIDO TRASERO RETRO 310SK  5410;1CD0
000000000000793769;0005;M0;;;ST;;ACOPLE RAPIDO TRASERO RETRO 310SK  5410;1CD0
000000000000793770;0005;M0;;;ST;;ACOPLE RAPIDO TRASERO RETRO 310SK  5410;1CD0
000000000000922931;0005;M0;;;ST;;JD CARGADOR 744L;1CD0
000000000000012002;0005;M0;;;ST;;JD BULLD 650J;1CD0
000000000000752392;0005;M3;;;ST;;GRUA PRENTICE 210E USADA;1CD0
000000000000753542;0005;M3;;;ST;;GRUA PRENTICE 210E USADA;1CD0
000000000000853816;0005;M2;;;ST;;JD BULLD 650J;1CD0
000000000000874404;0005;M0;;;ST;;ARMY PINTURA SHERWIN WILLIAMS MINIS;1CD0
000000000000875589;0005;M0;;;ST;;ARMY PINTURA SHERWIN WILLIAMS MINIS;1CD0
000000000000882680;0005;M0;;;ST;;ARMY PINTURA SHERWIN WILLIAMS MINIS;1CD0
000000000000012003;0005;M0;;;ST;;JD BULLD 850J SEMI U Y RIPPER;1CD0
000000000000848858;0005;M4;;;ST;;Monitor GreenStar 3 modelo 2630 0706PC;1CD0
000000000000854171;0005;M2;;;ST;;JD EXCAV. 250G LC BR;1CD0
000000000000891700;0005;M0;;;ST;;JD EXCAV. 250G LC BR;1CD0
000000000000872793;0005;M4;;;ST;;NA arado de 3 discos reversible hidraul.;1CD0
000000000000012401;0005;M1;;;ST;;GRUA FORESTAL DEERE 335C GARRA ESERMA;1CD0
000000000000012402;0005;M1;;;ST;;GRUA FORESTAL DEERE 335C GARRA ROTOBEC;1CD0
000000000000012415;0005;M1;;;ST;;GRUA FORESTAL DEERE 335C GARRA ESERMA;1CD0
000000000000012416;0005;M1;;;ST;;GRUA FORESTAL DEERE 335C GARRA ROTOBEC;1CD0
000000000000843441;0005;M4;;;ST;;RODADO COMPLETO 340/85 R24;1CD0
000000000000846314;0005;M4;;;ST;;RODADO COMPLETO 280/70R16;1CD0
000000000000853191;0005;M4;;;ST;;RODADO COMPLETO 340/85 R24;1CD0
000000000000851504;0005;M4;;;ST;;RODADO COMPLETO 280/70R16;1CD0
000000000000855289;0005;M4;;;ST;;RODADO COMPLETO 16,9 X 30 /W15 X 30 BKT;1CD0
000000000000855319;0005;M4;;;ST;;RODADO COMPLETO 16,9 X 30 /W15 X 30 BKT;1CD0
000000000000012511;0005;M3;;;ST;;HARVESTER ORUGAS JOHN DEERE 759JH , USAD;1CD0
000000000000781926;0005;M0;;;ST;;HI EXCAV ZAXIS 210LC-5;1CD0
000000000000848859;0005;M4;;;ST;;AutoTrac SF1 Activation - GS3 0493PC;1CD0
000000000000864001;0005;M0;0000100005;;ST;;BALDE EXCAV 20TONS - ORIGINAL BRASIL;1CD0
000000000000915771;0005;M4;;;ST;;SUSC SEÑAL DIF SF2 3MESES SF3000 SF2 RDY;1CD0
000000000000915772;0005;M4;;;ST;;SUSC SEÑAL DIF SF2 6MESES SF3000 SF2 RDY;1CD0
000000000000921612;0005;M4;;;ST;;NA SUBSOLADOR 3 PUNTAS JYMPA;1CD0
000000000000921613;0005;M4;;;ST;;NA SUBSOLADOR 3 PUNTAS JYMPA;1CD0
000000000000012512;0005;M3;;;ST;;BULLDOZER JOHN DEERE 750J , USADO;1CD0
000000000000773519;0005;M0;;;ST;;SUBSIDIO EQUIPOS AGUA SANTA;1CD0
000000000000871902;0005;M0;;;ST;;BIELA (HUESO PERRO)  + BIELA I Y D  $1;1CD0
000000000000871473;0005;M0;;;ST;;BIELA (HUESO PERRO)  + BIELA I Y D  $1;1CD0
000000000000848487;0005;M4;;;ST;;KIT MANGUERA CARGADOR 673;1CD0
000000000000848488;0005;M4;;;ST;;KIT MANGUERA CARGADOR 673;1CD0
000000000000848835;0005;M4;;;ST;;KIT ANTIROTACIÓN AUTOTRAC UNIVERSAL 6J;1CD0
000000000000872820;0005;M2;;;ST;;RA MULCHER (TRITURADOR) T360;1CD0
000000000000852927;0005;M4;;;ST;;Power Flow Chute (7 bu.);1CD0
000000000000856014;0005;M4;;;ST;;Power Flow Chute (7 bu.);1CD0
000000000000922414;0005;M4;;;ST;;DV NEUMÁTICOS 18,4 R 38;1CD0
000000000000922415;0005;M4;;;ST;;DV NEUMÁTICOS 14,9 R 24;1CD0
000000000000841059;0005;M5;;;ST;;US Tractor 6110D CAB Usado;1CD0
000000000000852610;0005;M5;;;ST;;US Tractor JD 5425 TRA TEC Usado;1CD0
000000000000784501;0005;M4;;;ST;;JD Tractor 6403 OOS;1CD0
000000000000861050;0005;M4;;;ST;;JD Tractor 7230J TRA CAB;1CD0
000000000000874352;0005;M4;;;ST;;JD Tractor 6170J CAB;1CD0
000000000000012513;0005;M3;;;ST;;EXCAVADORA JOHN DEERE 160D , USADA;1CD0
000000000000784489;0005;M4;;;ST;;JD Tractor 5725 OOS;1CD0
000000000000878484;0005;M4;;;ST;;JD Tractor 6150J CAB;1CD0
000000000000012400;0005;M2;;;ST;;JD GRUA 335C SIN GARRA;1CD0
000000000000733407;0005;M0;;;ST;;JD MOTO 770G;1CD0
000000000000733408;0005;M2;;;ST;;JD GRUA 335C SIN GARRA;1CD0
000000000000793413;0005;M4;;;ST;;JD Gator XUV 825I 4x4;1CD0
000000000000862039;0005;M2;;;ST;;JD SWING MACHINE 2154G FORESTAL;1CD0
000000000000858676;0005;M0;;;ST;;JD MINI 318E PALANCAS;1CD0
000000000000873839;0005;M2;;;ST;;JD SWING MACHINE 2154G FORESTAL;1CD0
000000000000874854;0005;M0;;;ST;;JD MINI 318G CABINADO;1CD0
000000000000894917;0005;M0;;;ST;;JD MINI 320G CABINADO;1CD0
000000000000907785;0005;M0;;;ST;;JD RETRO 310L 4X4 JOY BR;1CD0
000000000000721941;0005;M0;;;ST;;JD CARGADOR 724K;1CD0
000000000000721092;0005;M0;;;ST;;JD CARGADOR 644K;1CD0
000000000000733404;0005;M0;;;ST;;JD CARGADOR 744K;1CD0
000000000000792428;0005;M0;0000100005;;ST;;JD MINIEXCAVADORA 35G;1CD0
000000000000792253;0005;M4;0000100005;;ST;;JD 553 para serie India 5E 2 Funciones;1CD0
000000000000846578;0005;M5;;;ST;;JD 553 para serie India 5E 2 Funciones;1CD0
000000000000850320;0005;M0;;;ST;;JD EXCAV. 350G LC BR;1CD0
000000000000850331;0005;M0;;;ST;;JD EXCAV. 350G LC ME BR;1CD0
000000000000850332;0005;M0;;;ST;;JD CARGADOR 624K BR;1CD0
000000000000856811;0005;M0;;;ST;;JD EXCAV. 130G BR;1CD0
000000000000856812;0005;M2;;;ST;;JD EXCAV. 250G LC FORESTAL HTH622C;1CD0
000000000000856813;0005;M2;;;ST;;JD EXCAV. 250G LC FORESTAL HTH622C;1CD0
000000000000859413;0005;M0;;;ST;;JD CARGADOR 544K BR;1CD0
000000000000864016;0005;M4;0000100005;;ST;;JD Recolector Tractor Jardin D170;1CD0
000000000000877637;0005;M2;;;ST;;JD 909MH HARVESTER ORUGAS CAB.;1CD0
000000000000891720;0005;M0;;;ST;;JD EXCAV. 180G BR;1CD0
000000000000893607;0005;M0;;;ST;;JD MINIEXCAVADORA 35G;1CD0
000000000000893046;0005;M0;;;ST;;JD BRAZO RETRO MINI BH11;1CD0
000000000000915350;0005;M4;;;ST;;JD autotrack universal 300;1CD0
000000000000915936;0005;M4;0000100005;57BPF11855I;ST;;JD CABLE ADAP. ATU300 TRACTOR JD GS RDY;1CD0
000000000000919606;0005;M0;;;ST;;JD MINI 324G CABINADO;1CD0
000000000000954872;0005;M4;;PFA10461;ST;;JD Receptor SF6000 de reposición;1CD0
000000000000848856;0005;M4;;;ST;;RECEPTOR SATEL. STARFIRE SF3000 - 0907PC;1CD0
000000000000878306;0005;M2;;;ST;;SE MANIPULADOR MATERIALES 821M USADO;1CD0
000000000000879305;0005;M2;;;ST;;SE MANIPULADOR MATERIALES 821M USADO;1CD0
000000000000963411;0005;M0;77188670-1;072014503+2014504N;ST;;JGO. 2 CANTONERAS CON PERNOS;1CD0
000000000000843853;0005;M4;0000100005;57BLV10347I;ST;;MID-MOUNT DUAL SCV W/JOYSTCK;1CD0
000000000000856473;0005;M4;0000100005;;ST;;MID-MOUNT DUAL SCV W/JOYSTCK;1CD0
000000000000884794;0005;M0;;;ST;;PASADORES RIPPER;1CD0
000000000000847460;0005;M4;;;ST;;PINZA HUSTLER;1CD0
000000000000840262;0005;M4;;;ST;;Piloto Automático GS2 para tractores;1CD0
000000000000845236;0005;M4;0000100005;57PF90701I;ST;;PF90701;1CD0
000000000000911784;0005;M2;;;ST;;MBK CHIPEADORA 1415;1CD0
000000000000706994;0005;M0;;;ST;;MARTILLO HIDRAULICO RINHO MODELO 303;1CD0
000000000000772896;0005;M0;;;ST;;MARTILLO HIDRAULICO ANA;1CD0
000000000000791842;0005;M0;;;ST;;MARTILLO HIDRAULICO EPIROC ES70;1CD0
000000000000888286;0005;M4;;;ST;;MET cortadora rotativa 1,8 metros;1CD0
000000000000885613;0005;M4;;;ST;;MET cortadora rotativa 2,0 metros;1CD0
000000000000853029;0005;M4;;;ST;;Material Collection System Power Flow Bl;1CD0
000000000000843854;0005;M4;0000100005;57BW15635I;ST;;MID-MOUNT COUPLERS 2FN;1CD0
000000000000842384;0005;M4;;;ST;;MODELO VERTI BROOM 185;1CD0
000000000000905133;0005;M2;;;ST;;OL BANDTRACKS EX 700 - 26.5;1CD0
000000000000905134;0005;M2;;;ST;;OL BANDTRACKS EVO SOFT 26 700/710 - 26.5;1CD0
000000000000905135;0005;M2;;;ST;;OL BAND TRACKS 26 750/55 x 26.5;1CD0
000000000000904980;0005;M2;;;ST;;OL BANDTRACKS OF 700/710 - 26.5;1CD0
000000000000853066;0005;M4;;;ST;;PAR DE RUEDAS HORTALICERAS MARCA EMAGRI;1CD0
000000000000749157;0005;M0;;;ST;;PALPADOR DE NIVEL WIRTGEN W120F;1CD0
000000000000741650;0005;MT;;;ST;;PANEL DE CONTROL MOTORES 6068 TF-SANDVIK;1CD0
000000000000878577;0005;M4;;;ST;;Panel Trasero de Gator 855;1CD0
000000000000848620;0005;M4;;;ST;;Mower Reel / BM22704;1CD0
000000000000727832;0005;M0;;;ST;;MOTOR IND. J. DEERE 6081;1CD0
000000000000782791;0005;M0;;;ST;;MOTOR IND. J. DEERE 6090;1CD0
000000000000723722;0005;M0;;;ST;;NEUMATICOS 23,5 X 25 TRIANGLE;1CD0
000000000000844709;0005;M4;;;ST;;NEUMATICO 460/85 R34;1CD0
000000000000844711;0005;M4;;;ST;;NEUMATICO 340/85 R24;1CD0
000000000000846618;0005;M4;;;ST;;NEUMATICO FIRESTONE 18,4 X 26;1CD0
000000000000846619;0005;M4;;;ST;;NEUMATICO FIRESTONE 24,5 X 32;1CD0
000000000000853217;0005;M4;;;ST;;NEUMATICO 320/85 R24 BKT;1CD0
000000000000853219;0005;M4;;;ST;;NEUMATICO 600/65 R28 FIRESTONE;1CD0
000000000000853220;0005;M4;;;ST;;NEUMATICO 9.5 X 24 GOODYEAR;1CD0
000000000000853677;0005;M4;;;ST;;NEUMATICO 340/85 R24 BKT;1CD0
000000000000840816;0005;M4;;;ST;;NA Rastra 16 Discos Coloso;1CD0
000000000000841056;0005;M4;;;ST;;NA Rastra 18 Discos Coloso;1CD0
000000000000841617;0005;M4;;;ST;;NA Segadora Classic 240 6 Discos;1CD0
000000000000841618;0005;M4;;;ST;;NA Rastrillo Estrella;1CD0
000000000000841619;0005;M4;;;ST;;NA Pulverizador Suspendido 800 LT;1CD0
000000000000839451;0005;M4;;;ST;;NA SEGADORA FLC5 GRIBALDI;1CD0
000000000000845190;0005;M4;;;ST;;NA Rotofresa 3 M - 1 Velocidad;1CD0
000000000000849257;0005;M4;;;ST;;NA Tolva Fertilizadora Pendular SQ/TF;1CD0
000000000000853180;0005;M4;;;ST;;NA RODADO COMPLETO 320 / 85 R 24;1CD0
000000000000853197;0005;M4;;;ST;;NEUMATICO 13.6 X 24 FIRESTONE;1CD0
000000000000853215;0005;M4;;;ST;;NEUMATICO 18.4 X 34 FIRESTONE;1CD0
000000000000853216;0005;M4;;;ST;;NEUMATICO 18.4 X 34 ALLIANCE;1CD0
000000000000853218;0005;M4;;;ST;;NEUMATICO 280/70 R16 BKT;1CD0
000000000000854110;0005;M4;;;ST;;NA RODADO COMPLETO W12 X 24 (380/85R 24);1CD0
000000000000855420;0005;M4;;;ST;;NA Piñon Z14 -Z12 para Sembradora 1030;1CD0
000000000000857298;0005;M4;;;ST;;NA RODADO COMPLETO 280/70R16;1CD0
000000000000856174;0005;M4;;;ST;;NA TALADRO AGRICOLA 12";1CD0
000000000000856194;0005;M4;;;ST;;NEUMATICO 11.2 X 24;1CD0
000000000000859169;0005;M4;;;ST;;NA PORTA 4 BINS;1CD0
000000000000862287;0005;M4;;;ST;;NA RODADO COMPLETO 12.4 x 24;1CD0
000000000000862288;0005;M4;;;ST;;NA RODADO COMPLETO 18.4 x 30;1CD0
000000000000874331;0005;M4;;;ST;;NA RODADO DELANTERO 320/85R24;1CD0
000000000000874337;0005;M4;;;ST;;NA RODADO TRASERO 460/85 R30;1CD0
000000000000874713;0005;M4;;;ST;;NA Rastrillo Mascar con 4 estrellas;1CD0
000000000000874714;0005;M4;;;ST;;NA Rotovator C-250 Maschio c/ packer;1CD0
000000000000874715;0005;M4;;;ST;;NA RODADO HORTALICERO ENTERO 9.5 X 32;1CD0
000000000000874717;0005;M4;;;ST;;NA RODADO HORTALICERO ENTERO 9.5 X 48;1CD0
000000000000872850;0005;M4;;;ST;;NA RODADO DELANTERO 8 X 18;1CD0
000000000000872861;0005;M4;;;ST;;NA Rodado Trasero 13,6 x 28;1CD0
000000000000873075;0005;M4;;;ST;;NA RODADO COMPLETO 300/70R20;1CD0
000000000000873124;0005;M4;;;ST;;NA SEGADORA DE BARRA DE 1.8 MTS;1CD0
000000000000878154;0005;M4;;;ST;;NA RODADO 12.4 X 24;1CD0
000000000000879445;0005;M4;;;ST;;NA TROMPO FERTILIZADOR 950 LTS;1CD0
000000000000876954;0005;M4;;;ST;;NA valvula reguladora caudal y presion;1CD0
000000000000882078;0005;M4;;;ST;;NA RODADO HORTALICERO 340/85R 38;1CD0
000000000000904470;0005;M4;;;ST;;NA RODADO COMPLETO HORTALICERO 11.2  R36;1CD0
000000000000904108;0005;M4;;;ST;;NA trompo abonador rondinni SP400;1CD0
000000000000910497;0005;M4;;;ST;;NA RODADO COMPLETO 420/85 R24;1CD0
000000000000909637;0005;M4;;;ST;;NA RODADO COMPLETO 11.2 X 32;1CD0
000000000000917925;0005;M4;;;ST;;NA retroexcavadora eno rossi EBM230;1CD0
000000000000924947;0005;M4;;;ST;;NA RASTRA INTEGRAL 10 DISCOS;1CD0
000000000000915933;0005;M4;;;ST;;NA VALFAMAQ Arado cincel 7 puntas;1CD0
000000000000012381;0005;M1;;;ST;;MU BULLDOZER JOHN DEERE 700J;1CD0
000000000000012514;0005;M3;;;ST;;MU EXCAV JD 200D LC FOR USADA c/GARRA;1CD0
000000000000734330;0005;M3;0000100005;;ST;;MU SKIDDER CATERPILLAR 525 USADO;1CD0
000000000000754779;0005;MT;;;ST;;MT ATS-ACBCJD110-50 PANEL TRANSF.;1CD0
000000000000781678;0005;M1;;;ST;;MU MOTO DEERE 670G USADA;1CD0
000000000000846297;0005;M4;;;ST;;NA Carro Con Plataforma 4000 KG;1CD0
000000000000844710;0005;M4;;;ST;;NA LLANTA W12X24;1CD0
000000000000849256;0005;M4;;;ST;;NA Carro Arrastre 1 MT- Baranda Abatible;1CD0
000000000000849258;0005;M4;;;ST;;NA Encaladora de Tiro 3 M.;1CD0
000000000000847610;0005;M1;;;ST;;MU EXCAV. HYUNDAI ROBEX 180LC 7;1CD0
000000000000851106;0005;M4;;;ST;;NA HORQUILLA PALLETS;1CD0
000000000000853969;0005;M4;;;ST;;NA PAR DE RUEDAS HORTALICERAS W12 X 48;1CD0
000000000000857280;0005;M4;;;ST;;NA Disco para Rastra MX-225;1CD0
000000000000856608;0005;M4;;;ST;;NA CAMARA PARA NEUMATICO 14.9 X 24;1CD0
000000000000862827;0005;M4;;;ST;;NA CARRO TOLVA T-40;1CD0
000000000000862828;0005;M4;;;ST;;NA CARRO ALJIBE;1CD0
000000000000859303;0005;M4;;;ST;;NA ENVOLVEDOR DE BOLOS;1CD0
000000000000874503;0005;M4;;;ST;;NA GARRA SILERA;1CD0
000000000000879609;0005;M4;;;ST;;NA CARRO TOLVA 5000 KG 6 SALIDAS;1CD0
000000000000879621;0005;M4;;;ST;;NA CARRO PORTA MESA PARA 16 PIES;1CD0
000000000000883576;0005;M4;;;ST;;NA GATA HIDRAULICA 20 TON;1CD0
000000000000884545;0005;M4;;;ST;;NA IMPLEMENTACION TRACTOR MOP;1CD0
000000000000883904;0005;M4;;;ST;;NA CARRO PORTA 4 BINS AUTOCARGABLE;1CD0
000000000000892865;0005;M4;;;ST;;NA CORTADOR DE SILO;1CD0
000000000000890518;0005;M3;;;ST;;MU EXCAVADORA CAT 320D FORESTAL CON CABE;1CD0
000000000000889015;0005;M4;0000100005;L176530;ST;;MUELA 38MM AUTOMATICA;1CD0
000000000000906507;0005;M4;;;ST;;NA carro 800 kg;1CD0
000000000000906632;0005;M4;;;ST;;NA Cortadora Rotativa Metaltec 1,2 mts;1CD0
000000000000907624;0005;M4;;;ST;;NA LLANTA TRASERA 8 X 28 PARA TRACTOR 50;1CD0
000000000000917108;0005;M4;0000100005;57PF90524I;ST;;MÁSTIL UNIVERSAL PARA RECEPTOR SF EN IMP;1CD0
000000000000917924;0005;M4;;;ST;;NA huinche forestal TAJFUN EGV 6.5 AHK;1CD0
000000000000917926;0005;M4;;;ST;;NA carro arrastre agricola 4 TN barandas;1CD0
000000000000841616;0005;M4;;;ST;;NA Arado Subsolador / Acequeador;1CD0
000000000000845231;0005;M4;;;ST;;NA Arado Suspendido 3 Vertederas;1CD0
000000000000853289;0005;M4;;;ST;;NA LLANTA W8X24;1CD0
000000000000853290;0005;M4;;;ST;;NA LLANTA W15X28;1CD0
000000000000861807;0005;M4;;;ST;;NA PINZA PARA BOLOS RBG;1CD0
000000000000859501;0005;M4;;;ST;;NA MANGUERA EQUIPO MODELO DOMINATOR;1CD0
000000000000874478;0005;M4;;;ST;;NA PINZA PARA BOLOS QUICKE;1CD0
000000000000878088;0005;M4;;;ST;;NA ATOMIZADOR SUSPENDIDO 600 LTS;1CD0
000000000000878307;0005;M4;;;ST;;NA PINZA PARA BOLOS GOWEIL;1CD0
000000000000877639;0005;M4;;;ST;;NA PIÑON ESTANQUE REGULADOR SEMB 1030;1CD0
000000000000883905;0005;M4;;;ST;;NA pala niveladora 2,3 mts;1CD0
000000000000915683;0005;M4;;;ST;;NA pala trasera 2,13 mts;1CD0
000000000000921323;0005;M4;;;ST;;NA NEUMATICO UN. 460/85 R38  (18.4 x 38);1CD0
000000000000924946;0005;M4;;;ST;;NA ARADO CINCEL 3 PUNTAS;1CD0
000000000000873535;0005;M4;;;ST;;NA NAKAYAMA  Arado 1 vertedera;1CD0
000000000000873536;0005;M4;;;ST;;NA NAKAYAMA Arado  2 vertederas;1CD0
000000000000909638;0005;M4;;;ST;;NA PAR RODADOS COMPLETO 11.2 X 48;1CD0
000000000000921321;0005;M4;;;ST;;NA NEUMATICO UN. 380/85 R24;1CD0
000000000000851975;0005;M4;;;ST;;TERCERA FUNCION 6D KIT COMPLETO;1CD0
000000000000785336;0005;M0;;;ST;;SWEEPSTER PICK UP SWEEPER ATTACHMENT;1CD0
000000000000915773;0005;M4;;;ST;;SUSC SEÑAL DIF SF2 12MES SF3000 SF2 RDY;1CD0
000000000000915775;0005;M4;;;ST;;SUSC SEÑAL DIF SF2 24MES SF3000 SF2 RDY;1CD0
000000000000915776;0005;M4;;;ST;;SUSC SEÑAL DIF SF2 36MES SF3000 SF2 RDY;1CD0
000000000000915778;0005;M4;;;ST;;SUSC SEÑAL DIF SF3 6MESES SF6000 SF3 RDY;1CD0
000000000000915780;0005;M4;;;ST;;SUSC SEÑAL DIF SF3 24MES SF6000 SF3 RDY;1CD0
000000000000915811;0005;M4;;;ST;;SUSC SEÑAL DIF SF3 36MES SF6000 SF3 RDY;1CD0
000000000000921614;0005;M4;;;ST;;ST BALANZA PARA ESPARCIDOR R4030/4038;1CD0
000000000000785338;0005;M0;;;ST;;SPRINKLER KIT WITH 85 GALLONS WATER TANK;1CD0
000000000000760476;0005;MT;;;ST;;SOPORTES MOTOR 6068 TF;1CD0
000000000000855049;0005;M4;;;ST;;TAPA FERTILIZANTE PARA SEMBRADORA 1030;1CD0
000000000000845200;0005;M5;;;ST;;US Arado JD 624 Usado;1CD0
000000000000846567;0005;M5;;;ST;;US Tractor 5075E OOS Usado;1CD0
000000000000846577;0005;M5;;;ST;;US Tractor 7815 CAB Usado;1CD0
000000000000851110;0005;M4;;;ST;;US Gator JD XUV 855D 4x4 Usado;1CD0
000000000000852608;0005;M5;;;ST;;US Tractor 5065E OOS Usado;1CD0
000000000000852609;0005;M5;;;ST;;US Tractor JD 5725 CAB Usado;1CD0
000000000000852621;0005;M5;;;ST;;US Tractor 6130J Cab Usado;1CD0
000000000000852622;0005;M5;;;ST;;US Tractor JD 6155J TRA CAB Usado;1CD0
000000000000852371;0005;M5;;;ST;;US tractor 6603 TRA CAB usado;1CD0
000000000000852372;0005;M5;;;ST;;US Tractor 6125D CAB 24x12 Radial Usado;1CD0
000000000000856537;0005;M5;;;ST;;US Cosechadora JD 1175 Arroz Usado;1CD0
000000000000864571;0005;M5;;;ST;;US Tractor Valtra BH 145 CAB Usado;1CD0
000000000000863913;0005;M5;0000100005;;ST;;US Tractor New Holland T7060 CAB Usado;1CD0
000000000000874178;0005;M4;;;ST;;Upgrade Kit from 4100 to 4600 Processor;1CD0
000000000000873078;0005;M5;;;ST;;US Tractor 5075E + Pala 553 Usados;1CD0
000000000000878572;0005;M5;;;ST;;US Tractor JD 5076EF Usado;1CD0
000000000000878635;0005;M5;;;ST;;US Tractor 6403 MFWD Usado;1CD0
000000000000886480;0005;M5;;;ST;;US Tractor 6403 CAB Usado;1CD0
000000000000890678;0005;M5;;;ST;;US Tractor JD 6125D OOS Radial USADO;1CD0
000000000000890946;0005;M5;;;ST;;US tractor NH 8030 FWD OOS usado;1CD0
000000000000893911;0005;M5;;;ST;;US Tractor JD 6900 TRA CAB Usado;1CD0
000000000000911708;0005;M5;;;ST;;US Esparcidor de materia seca JD R4030;1CD0
000000000000921300;0005;M5;;;ST;;US Tractor MF 7624T4K usado;1CD0
000000000000925252;0005;M5;;;ST;;US Tractor 6620 Cab Usado;1CD0
000000000000925337;0005;M5;0000100005;;ST;;US Tractor AGROFARM 430 DT E3 Usado;1CD0
000000000000846576;0005;M5;;;ST;;US Tractor 5090E OOS Usado;1CD0
000000000000911741;0005;M5;;;ST;;US JD Tractor 5090E CAB USADO;1CD0
000000000000887231;0005;M5;;;ST;;US JD Tractor 6145J TRA CAB USADO;1CD0
000000000000904439;0005;M5;;;ST;;US JD Tractor 7515 TRA CAB USADO;1CD0
000000000000743884;0005;M0;;;ST;;WI EXTENSIONES MANUALES;1CD0
000000000000862245;0005;M2;;;ST;;WA CALLIPER WARATAH;1CD0
000000000000004458;0005;M4;;;ST;;VENTA ANTICIPADA AUTOPROPULSADO;1CD0
000000000000004460;0005;M4;;;ST;;VENTA ANTICIPADA IMPLEMENTOS;1CD0
000000000000004461;0005;M4;;;ST;;VENTA ANTICIPADA EQUIPOS USADOS;1CD0
000000000000004489;0005;M4;;;ST;;VENTA ANTICIPADA IMPLEMENTOS OTROS PROVE;1CD0
000000000000004490;0005;M4;;;ST;;VENTA EQUIPOS AGRICULTURA DE PRECISION;1CD0
000000000000848618;0005;M4;;;ST;;Vertical Cutter / BM22471;1CD0
000000000000004459;0005;M4;;;ST;;VENTA JARDIN Y GOLF;1CD0
000000000000886134;0005;M4;;;ST;;VIBROCULTIVADOR 3 MTS 27 PUNTAS;1CD0
000000000000771438;0005;M0;;;ST;;REPUESTO COMPLETO 12X16,5 MINIS;1CD0
000000000000853041;0005;M4;;;ST;;Requires blower, chute, and Click-N-Go B;1CD0
000000000000843130;0005;M4;;;ST;;RODADO COMPLETO 460/85 R34;1CD0
000000000000853192;0005;M4;;;ST;;RODADO COMPLETO 460/85 R30;1CD0
000000000000853563;0005;M4;;;ST;;RODADO COMPLETO 8 X 16 DE 5,50F X 6;1CD0
000000000000853566;0005;M4;;;ST;;RODADO COMPLETO 9,5 X 16 DE 5,50F X 6;1CD0
000000000000853568;0005;M4;;;ST;;RODADO COMPLETO 14,9 X 24 DE 8 PR/W10X24;1CD0
000000000000853679;0005;M4;;;ST;;RODADO COMPLETO 9,5 X 24 W9 X 24 BKT;1CD0
000000000000851501;0005;M4;;;ST;;RODADO COMPLETO 7,5 X 16 8PT;1CD0
000000000000856002;0005;M4;;;ST;;RODADO COMPLETO 8 X 18 DE 5,50F X 6;1CD0
000000000000856003;0005;M4;;;ST;;RODADO COMPLETO 13,6 X 28 DE 10F X 28;1CD0
000000000000855372;0005;M4;;;ST;;RODADO COMPLETO 270/95R48;1CD0
000000000000889254;0005;M4;;;ST;;RODADO COMPLETO 18.4 X 38;1CD0
000000000000841872;0005;M4;;;ST;;RODADO COMPLETO 9,5R32;1CD0
000000000000841873;0005;M4;;;ST;;RODADO COMPLETO 9,5R48;1CD0
000000000000839827;0005;M4;;;ST;;RODADO HORTALICERO 250 / 80 R18;1CD0
000000000000843562;0005;M4;;;ST;;RODADO COMLETO 14.9 X 28;1CD0
000000000000843563;0005;M4;;;ST;;RODADO COMPLETO  9,5 x 24;1CD0
000000000000848786;0005;M4;;;ST;;RODADO TRASERO 18,4 x 30;1CD0
000000000000852872;0005;M4;;;ST;;RODADOS HORTALICEROS 14.9R 48;1CD0
000000000000853070;0005;M4;;;ST;;RODADO COMPLETO W16 X 42 (520/85R 42);1CD0
000000000000854131;0005;M4;;;ST;;RODADO COMPLETO W15 X 38 (460/85R 38);1CD0
000000000000853564;0005;M4;;;ST;;RODADO COMPLETO 12,4 X 24 DE 8 PR/W10X24;1CD0
000000000000853678;0005;M4;;;ST;;RODADOS MEDIDA 380/70R24 BKT;1CD0
000000000000851502;0005;M4;;;ST;;RODADO COMPLETO 11,2 X 28-8PR;1CD0
000000000000855741;0005;M4;;;ST;;RODADO COMPLETO W12 X 38 (340/85R 38);1CD0
000000000000871701;0005;M4;;;ST;;RODADO Agrícola Trasero 710 / 70 R;1CD0
000000000000871702;0005;M4;;;ST;;RODADO Ag. Delantero 600/65/28;1CD0
000000000000850609;0005;M4;;;ST;;RODADOS HORTALICEROS 9,5X36;1CD0
000000000000853196;0005;M4;;;ST;;RODADO COMPLETO 9.5 X 24;1CD0
000000000000839374;0005;M4;;;ST;;RODADO HORTALICERO 9.5 R32  (230/95R 32);1CD0
000000000000846955;0005;M4;;;ST;;PP kit precision planting 1030-6;1CD0
000000000000852987;0005;M4;;;ST;;Power Flow Chute (14 bu);1CD0
000000000000853042;0005;M4;;;ST;;Power Flow Blower , 60-in. HC;1CD0
000000000000854894;0005;MT;;;ST;;PORTAHORQUILLA P. MINICARGADOR (USADAS);1CD0
000000000000876087;0005;M4;;;ST;;PP KIT PRECISION PLANTING 1030-4;1CD0
000000000000921702;0005;M4;;;ST;;PP MAZO DE CABLES DE PDM - 729157;1CD0
000000000000707271;0005;M0;;101F4757883A;ST;;PORTA IMPLEMENTO NACIONAL PARA 724K;1CD0
000000000000720679;0005;M0;;;ST;;PORTA REPUESTO PARA  MOTONIVELADORA (NAC;1CD0
000000000000888858;0005;M4;0000100005;57BG20777I;ST;;Recolector - S140;1CD0
000000000000793390;0005;M4;;;ST;;Recolector - S180;1CD0
000000000000793402;0005;M4;;;ST;;Recolector -  Z530M;1CD0
000000000000839660;0005;M4;;;ST;;PULVERIZADORA JD 4630-V2;1CD0
000000000000012503;0005;M3;;;ST;;SKIDDER DEERE 648H, USADO;1CD0
000000000000724079;0005;M0;;;ST;;PUSH BLOCK 872D (FALTANTE);1CD0
000000000000757177;0005;M2;;;ST;;SLASHER SAW (ESPADA PARA CABEZAL);1CD0
000000000000848647;0005;M2;;;ST;;RA CHIPEADORA RC1220-100;1CD0
000000000000848648;0005;M2;;;ST;;RA CHIPEADORA RC1220G;1CD0
000000000000719141;0005;M0;;;ST;;SIDE CUTTERS BALDE ZAXIS 450;1CD0
000000000000852985;0005;M4;;;ST;;SF2 Ready UpGrade Receptor SF3000 090APC;1CD0
000000000000841057;0005;M4;;;ST;;RUEDA AGRÍCOLA W 9 X 18;1CD0
000000000000848642;0005;M2;;;ST;;SE SERCO GRUA 1050XR CON GARRA G14;1CD0
000000000000848645;0005;M2;;;ST;;SE SERCO GRUA 8500 CON GARRA G14;1CD0
000000000000852198;0005;M2;;;ST;;SE MANIPULADOR DE MATERIALES;1CD0
000000000000856962;0005;M2;;;ST;;SE MANIPULADOR MATERIALES 830M USADO;1CD0
000000000000876136;0005;M2;;;ST;;SE SENNEBOGEN GRUA TELESCOPICA 613 R;1CD0
000000000000876159;0005;M2;;;ST;;SE SENNEBOGEN MANIP. MATERIALES 818 ME;1CD0
000000000000877625;0005;M2;;;ST;;SE SENNEBOGEN MANIP. PICK&CARRY 730MHD;1CD0
000000000000877053;0005;M2;;;ST;;SE SENNEBOGEN MANIP. MATERIALES 821M E;1CD0
000000000000877114;0005;M2;;;ST;;SE SENNEBOGEN MANIP. MATERIALES 830M E;1CD0
000000000000877116;0005;M2;;;ST;;SE SENNEBOGEN MANIP. MATERIALES 835M E;1CD0
000000000000885653;0005;M2;;;ST;;SE SENNEBOGEN MANIP. MATERIALES 818AEL;1CD0
000000000000875005;0005;M2;;;ST;;SENNEBOGEN MANIPULADOR MATERIAL 830MHD D;1CD0
000000000000878489;0005;M2;;;ST;;SENNEBOGEN 830RHDD PARA DEMOLICION USADO;1CD0
000000000000878633;0005;M2;;;ST;;SENNEBOGEN MANIP DE MAT 825 M D USADO;1CD0
000000000000878737;0005;M2;;;ST;;SENNEBOGEN GRUA CELOSIA ESTRUCTURAL 7700;1CD0
000000000000876083;0005;M2;;;ST;;SENNEBOGEN MANIPULADOR MATERIALES 825M D;1CD0
000000000000876133;0005;M2;;;ST;;SENNEBOGEN GRUA TELESCOPICA 683 M;1CD0
000000000000876217;0005;M2;;;ST;;SENNEBOGEN MANIPULADOR MAT 830MHD E TRAI;1CD0
000000000000876219;0005;M2;;;ST;;SENNEBOGEN MANIPULADOR MATERIAL 830MHD E;1CD0
000000000000877613;0005;M2;;;ST;;SENNEBOGEN MANIPULADOR PICK&CARRY 718M E;1CD0
000000000000877616;0005;M2;;;ST;;SENNEBOGEN MANIPULADOR PICK&CARRY 723MHD;1CD0
000000000000877628;0005;M2;;;ST;;SENNEBOGEN MANIPULADOR PICK&CARRY 735MHD;1CD0
000000000000875511;0005;M2;;;ST;;SENNEBOGEN MANIPULADOR MAT 830MHD D TRAI;1CD0
000000000000877055;0005;M2;;;ST;;SENNEBOGEN MANIPULADOR MAT 821M HD E;1CD0
000000000000877064;0005;M2;;;ST;;SENNEBOGEN MANIPULADOR MATERIALES 825M E;1CD0
000000000000877112;0005;M2;;;ST;;SENNEBOGEN MANIPULADOR MATERIALES 830M D;1CD0
000000000000877117;0005;M2;;;ST;;SENNEBOGEN MANIPULADOR MATERIALES 840M E;1CD0
000000000000887393;0005;M2;;;ST;;SENNEBOGEN MANIPULADOR MATERIALES 818 MD;1CD0
000000000000887394;0005;M2;;;ST;;SENNEBOGEN MANIPULADOR MATERIALES 880REQ;1CD0
000000000000885086;0005;M2;;;ST;;SENNEBOGEN MANIPULADOR MATERIALES 8130 A;1CD0
000000000000885087;0005;M2;;;ST;;SENNEBOGEN MANIPULADOR MATERIALES 8130 R;1CD0
000000000000883983;0005;M2;;;ST;;SENNEBOGEN GRUA ESTRUCTURAL 690 HD 90 TO;1CD0
000000000000885652;0005;M2;;;ST;;SENNEBOGEN MANIPULADOR MATERIALES 818 AE;1CD0
000000000000889298;0005;M2;;;ST;;SENNEBOGEN MANIPULADOR MATERIALES 825MEE;1CD0
000000000000888485;0005;M2;;;ST;;SENNEBOGEN CAMION GRUA TELESCOPICA HPC40;1CD0
000000000000012382;0005;M1;;;ST;;BULLDOZER JOHN DEERE 750J;1CD0
000000000000012383;0005;M1;;;ST;;BULLDOZER JOHN DEERE 850J;1CD0
000000000000012505;0005;M3;;;ST;;CABEZAL FORESTAL DEERE HTH622B, USADO;1CD0
000000000000888520;0005;M2;;;ST;;CABEZAL DE CORTE SATCO MODELO 630;1CD0
000000000000909855;0005;M2;;;ST;;CABEZAL PROCESADOR SATCO MOD. 323T;1CD0
000000000000919609;0005;M2;;;ST;;CABEZAL DE CORTE SATCO MODELO 420;1CD0
000000000000886546;0005;M0;;;ST;;CADENAS SOCADIN MOTOS - CAHUELMO;1CD0
000000000000886547;0005;M0;;;ST;;CADENAS SOCADIN CARGADORES - CAHUELMO;1CD0
000000000000848834;0005;M4;;-57PF90687I;ST;;Cable conector Monitor GS2/GS3 a Redondo;1CD0
000000000000910498;0005;M4;;57RE573617I;ST;;CABLE ETHERNET GS4 A MTG4G 2,1MTS;1CD0
000000000000840265;0005;M4;;;ST;;CABLE REM CTRL 102" RVC-VLV KT;1CD0
000000000000863998;0005;M0;0000100005;;ST;;BIELA (HUESO PERRO)  + BIELA I Y D  JD;1CD0
000000000000761768;0005;M0;;;ST;;BRAZO EXCAVADORA  (REZAGADO);1CD0
000000000000879444;0005;M4;;;ST;;Brazo hidráulico hasta 1300kg;1CD0
000000000000012388;0005;M1;;;ST;;CLAMBUNK JOHN DEERE 1711D;1CD0
000000000000752641;0005;M0;;;ST;;CLAMP (DEDO) HIDRAULICO FORESTAL ESERMA;1CD0
000000000000852924;0005;M4;;;ST;;Click-N-Go Bracket (X400/X500 HDGT's, X7;1CD0
000000000000911783;0005;M1;;;ST;;CHIPEADORA MORBARK MODELO 1415;1CD0
000000000000863997;0005;M0;0000100005;;ST;;CILINDRO BUCKET DEERE 20 TONS;1CD0
000000000000871896;0005;M0;;;ST;;CILINDRO BUCKET DEERE 25 TONS $1;1CD0
000000000000871472;0005;M0;;;ST;;CILINDRO BUCKET DEERE 20 TONS $1;1CD0
000000000000915934;0005;M4;0000100005;57PFA11929I;ST;;CONECT INTERRUPT REANUDACIÓN AUTOTRAC300;1CD0
000000000000917110;0005;M4;;57PF90538I;ST;;CONECTOR RECEPT. SATELITAL EN IMPLEMENTO;1CD0
000000000000733071;0005;M0;;;ST;;COMPACTADOR HIDRAULICO STANLEY P/310J;1CD0
000000000000733072;0005;M0;;;ST;;COMPACTADOR HIDRAULICO STANLEY P/Z200X;1CD0
000000000000846575;0005;M4;;;ST;;CO Anclaje para Coupeco;1CD0
000000000000724094;0005;M0;;;ST;;COMBO FLETE INTERNO;1CD0
000000000000883287;0005;M0;;;ST;;CANDADOS CAHUELMO MINIS;1CD0
000000000000883288;0005;M0;;;ST;;CANDADOS GRNADES CAHUELMO MINIS;1CD0
000000000000885551;0005;M0;;;ST;;CANDADOS 140LL ODIS - CAHUELMO;1CD0
000000000000884223;0005;M0;;;ST;;CANDADOS 130LL ODIS - CAHUELMO;1CD0
000000000000002312;0005;M4;;;ST;;CASQUILLOS ROSCADOS;1CD0
000000000000719142;0005;M1;;;ST;;CAÑERIAS Y VALVULA ADIC. RIPPER 650J;1CD0
000000000000762027;0005;M0;0000100005;;ST;;CAMBIO DE OREJAS BALDE FABRICA 350G;1CD0
000000000000857152;0005;M2;;;ST;;CELDA DE PESAJE INTELWEIGH;1CD0
000000000000862281;0005;M2;;;ST;;CELDA DE PESAJE XW101 (LATIN EQUIP);1CD0
000000000000910499;0005;M4;;57PFP11276I;ST;;1CC2ABLE ETHERNET GS3 A MTG4G 3,3MTS;1CD0
000000000000852876;0005;M4;;;ST;;6.5 Bushel Hopper and Chute for 100 seri;1CD0
000000000000852925;0005;M4;;;ST;;48C/48X High Performance Blower Assembly;1CD0
000000000000852988;0005;M4;;;ST;;6.5 Bushel Hopper, Chute and Power Flow;1CD0
000000000000853030;0005;M4;;;ST;;6.5 Bushel Hopper Assembly;1CD0
000000000000849326;0005;M2;;;ST;;750/55 X 26.5  20  NORDMAN FOREST F SF T;1CD0
000000000000852989;0005;M4;;;ST;;7 Bushel Hopper Assembly;1CD0
000000000000012007;0005;M0;;;ST;;"""JD 544J SIN PALA; C/RIDE""";1CD0
000000000000012011;0005;M0;;;ST;;"""JD 624J 3a F(x); SIN BALDE""";1CD0
000000000000888306;0005;M4;0000100005;57AL165470I;ST;;Eje Cardan 6115J N/P AL165470;1CD0
000000000000839243;0005;M4;;;ST;;JD H310 para 6J 3 func y susp 4 cil;1CD0
000000000000844741;0005;M0;;;ST;;01 LLANTA 21lLX24 (trasera 310L);1CD0
000000000000853556;0005;M4;;;ST;;APOYO CONTRAPESO DELANTERO 5E L/R 58783;1CD0
000000000000853557;0005;M4;;;ST;;APOYO CONTRAPESO DELANTERO 6125D SU22902;1CD0
000000000000853674;0005;M4;;;ST;;APOYO CONTRAPESO DELANTERO DAÑADO 183722;1CD0
000000000000853675;0005;M4;;;ST;;APOYO CONTRAPESO DELANTERO DAÑADOSU22902;1CD0
000000000000749450;0005;M0;;;ST;;ARM, BOOM Y BALDE  EXCAVADORA JD;1CD0
000000000000872791;0005;M0;;;ST;;ARMY - PORTA PALLET 42";1CD0
000000000000878690;0005;M0;;;ST;;ARMY PINTURA SHERWIN WILL ACCES. MINIS;1CD0
000000000000885662;0005;M0;;;ST;;ARMY PINTURA SHERWIN WILLIAMS EXCAVAD;1CD0
000000000000885665;0005;M0;;;ST;;ARMY PINTURA SHERWIN WILLIAMS MOTOS;1CD0
000000000000883981;0005;M0;;;ST;;ARMY EPOXICO SHERWIN WILLIAMS BULL;1CD0
000000000000883982;0005;M0;;;ST;;ARMY ACOPLAMIENTO PARA BH11;1CD0
000000000000100120;0005;M1;;;ST;;BALDE ZANJERO PARA RETRO (NACIONALES);1CD0
000000000000715007;0005;M0;;;ST;;BALDE ZAXIS 650LC3;1CD0
000000000000715010;0005;M0;;;ST;;BALDE ZAXIS 850LC3;1CD0
000000000000720072;0005;M0;;;ST;;BALDE ZANJERO 0,5 M3 - 200D (NACIONAL);1CD0
000000000000727546;0005;M0;;;ST;;BALDE 624J DE FABRICA;1CD0
000000000000745419;0005;M0;;;ST;;BALDE 724J DE FABRICA;1CD0
000000000000751746;0005;M0;;;ST;;BALDE 544K;1CD0
000000000000749693;0005;M0;;;ST;;BALDE 200D;1CD0
000000000000754522;0005;M0;;;ST;;BALDE 544K DE FABRICA FROWARD;1CD0
000000000000762026;0005;M0;0000100005;;ST;;BALDE DE 0,96 M3 P/EXCAV DEERE 350G;1CD0
000000000000793768;0005;M0;;;ST;;BALDE FRONTAL P/ ACOPLE RADIDO 1M3 310SK;1CD0
000000000000793791;0005;M0;;;ST;;BALDE FRONTAL 1M3 310L;1CD0
000000000000848826;0005;M0;;;ST;;BALDE EXCAV 20TONS - ROCKLAND;1CD0
000000000000850845;0005;M0;;;ST;;BALDE 624K DE FABRICA (AT431207);1CD0
000000000000871904;0005;M0;;;ST;;BALDE EXCAV 25TONS - ORIGINAL BRASIL;1CD0
000000000000871872;0005;M0;;;ST;;BALDE 544K DE FABRICA;1CD0
000000000000916020;0005;M0;;;ST;;BALDE BIELA CILINDRO Y PASADORES 210GLC;1CD0
000000000000012517;0005;M1;;;ST;;AUTOHORMIGONERA DIECI F7000;1CD0
000000000000840227;0005;M4;;;ST;;AUTOTRAC TRACTOR MACHINE KIT - 6R MFWD;1CD0
000000000000840266;0005;M4;;;ST;;ASY DRIVELINE 7/8-13 SPLINE;1CD0
000000000000747722;0005;MT;;;ST;;ASPAS PARA MOTORES 6068 TF;1CD0
000000000000762025;0005;M0;0000100005;;ST;;ACOPLE RAPIDO PARA EXCAV DEERE 350G;1CD0
000000000000793766;0005;M0;;;ST;;ACOPLE RAPIDO Y RIDE CONTROL 310SK  7035;1CD0
000000000000852990;0005;M4;;;ST;;ACTUALIZACIÓN SF2  PARA RECEPTOR STARFIR;1CD0
000000000000874177;0005;M4;;;ST;;ACT. AUTOTRAC PARA COMMANDCENTER GEN 4;1CD0
000000000000915740;0005;M4;;;ST;;ACT AUTOTRAC ROWSENSE MONITORES GS3 2630;1CD0
000000000000924581;0005;M0;0000100005;;ST;;ACOPLE RAPIDO 624K;1CD0
000000000000720152;0005;M0;;;ST;;ACCESORIOS CRAIG MOTO 872D GORE;1CD0
000000000000724002;0005;M0;;;ST;;ACCESORIOS GPS PARA 872D PROPUESTA;1CD0
000000000000784791;0005;M4;;;ST;;AG COSECHADORA JD 9570 TRIGO / MAIZ;1CD0
000000000000784798;0005;M4;;;ST;;AG JARDIN JD X740 STD;1CD0
000000000000784822;0005;M4;;;ST;;AG PLATAFORMA JD 625F 25 PIES;1CD0
000000000000793388;0005;M4;;;ST;;AG RECOLECTOR D130;1CD0
000000000000793404;0005;M4;;;ST;;AG RECOLECTOR X320;1CD0
000000000000793406;0005;M4;;;ST;;AG RECOLECTOR X750;1CD0
000000000000793410;0005;M4;;;ST;;AG JARDIN JD X320 STD;1CD0
000000000000792252;0005;M4;0000100005;;ST;;AG CARGADORES JD 553 PARA SERIE 5025;1CD0
000000000000845264;0005;M4;;;ST;;AG TRACTOR JD 3045R TRA TEC;1CD0
000000000000853558;0005;M4;;;ST;;AG CONTRAPESOS 50 KG R545180;1CD0
000000000000856750;0005;M4;;;ST;;AG CARGADORES 562 - 5082 MEX 3 FUNCIONES;1CD0
000000000000862320;0005;M4;;;ST;;AG RECOLECTOR X384;1CD0
000000000000878640;0005;M0;;;ST;;ACCESORIOS MINICARGADORES - CAHUELMO;1CD0
000000000000878990;0005;M0;;;ST;;ACCESORIOS METALICOS MINIS CAHUELMO;1CD0
000000000000879031;0005;M0;;;ST;;ACCESORIOS METALICOS GRUPO 1 CAHUELMO;1CD0
000000000000793385;0005;M4;;;ST;;AG RECOLECTOR S100;1CD0
000000000000910369;0005;M0;;;ST;;ACCESORIOS CRAIG MOTO 772G;1CD0
000000000000003051;0005;M4;;;ST;;ADICIONAL AGRICOLA;1CD0
000000000000853517;0005;M4;0000100005;57PF91010I;ST;;Anclaje Serie 7000 Chasis Largo (J), 800;1CD0
000000000000872493;0005;M4;;;ST;;AL SELECTOR 2 POSICIONES;1CD0
000000000000872507;0005;M4;;;ST;;AL INDICADOR;1CD0
000000000000872509;0005;M4;;;ST;;AL INTERRUPTOR VERDER;1CD0
000000000000784487;0005;M4;;;ST;;AG TRACTOR JD 5425N FRU TEC;1CD0
000000000000784488;0005;M4;;;ST;;AG TRACTOR JD 5625 TRA TEC;1CD0
000000000000784503;0005;M4;;;ST;;AG TRACTOR JD 6100D  TRA CAB;1CD0
000000000000784509;0005;M4;;;ST;;AG TRACTOR JD 6125J TRA CAB;1CD0
000000000000784511;0005;M4;;;ST;;AG TRACTOR JD 6155J TRA CAB;1CD0
000000000000784513;0005;M4;;;ST;;AG TRACTOR JD 7205J TRA CAB;1CD0
000000000000792080;0005;M4;;;ST;;AG TRACTOR JD 6130J TRA CAB;1CD0
000000000000792753;0005;M4;0000100005;;ST;;AG TRACTOR JD 5725 TRA CAB 540 ECONOMICO;1CD0
000000000000841364;0005;M4;;;ST;;AG TRACTOR JD 5076EF TEC 1 VALVULA;1CD0
000000000000861411;0005;M5;;;ST;;AG TRACTOR JD 5090 OOS + 562 3F USADO;1CD0
000000000000762029;0005;M0;0000100005;;ST;;HORQUILLA PIVOTADA BALDE 310J;1CD0
000000000000791659;0005;M0;;;ST;;HORQUILLA PARA MINICARGADOR JOHN DEERE;1CD0
000000000000843855;0005;M4;0000100005;57BW15777I;ST;;HOSES AND PRTS 2FN;1CD0
000000000000012406;0005;M1;;;ST;;HARVESTER RUEDAS DEERE 1070D ECO III;1CD0
000000000000012407;0005;M1;;;ST;;HARVESTER RUEDAS DEERE 1270D ECO III;1CD0
000000000000012504;0005;M3;;;ST;;HARVESTER DEERE 909J, USADO;1CD0
000000000000785337;0005;M0;;;ST;;GUTTER BRUSH ASSEMBLY MOUNTED ON RHS;1CD0
000000000000851108;0005;M4;;;ST;;GUINCHO PARA MAXISACOS,MARCA BALDAN;1CD0
000000000000862243;0005;M2;;;ST;;HAGLOF CALLIPER DP II 600MM HARVESTER;1CD0
000000000000862244;0005;M2;;;ST;;HAGLOF CALLIPER DP II 800MM HARVESTER;1CD0
000000000000877712;0005;M2;;;ST;;HAAS SKIDDER TIMBERHAWK 4175A;1CD0
000000000000012022;0005;M0;;;ST;;HI EXCAV ZAXIS 200LC-3;1CD0
000000000000012023;0005;M0;;;ST;;HI EXCAV ZAXIS 350LC;1CD0
000000000000012024;0005;M0;;;ST;;HI EXCAV ZAXIS 450LC ME;1CD0
000000000000733405;0005;M0;;;ST;;HI EXCAV ZAXIS 200-3;1CD0
000000000000792335;0005;M0;0000100005;;ST;;HI EXCAV ZAXIS 210-5;1CD0
000000000000842407;0005;M0;;;ST;;HI EXCAV. ZAXIS 670 LC-5;1CD0
000000000000850335;0005;M0;;;ST;;HI EXCAV ZAXIS 210LC-5 BR;1CD0
000000000000882080;0005;M0;;;ST;;HERRAMIENTAS MINIS CAHUELMO;1CD0
000000000000882091;0005;M0;;;ST;;HERRAMIENTAS BULLDOZERS CAHUELMO;1CD0
000000000000882092;0005;M0;;;ST;;HERRAMIENTAS CARGADORES CAHUELMO;1CD0
000000000000882093;0005;M0;;;ST;;HERRAMIENTAS RETROS CAHUELMO;1CD0
000000000000882094;0005;M0;;;ST;;HERRAMIENTAS MOTOS CAHUELMO;1CD0
000000000000882095;0005;M0;;;ST;;HERRAMIENTAS EXCAV. CAHUELMO;1CD0
000000000000882896;0005;M0;;;ST;;HI EXCAV ZAXIS 350LC MASS EXCAVATOR BR;1CD0
000000000000012004;0005;M0;;;ST;;JD CARGADOR 444J;1CD0
000000000000012005;0005;M0;;;ST;;JD CARGADOR 544J;1CD0
000000000000012006;0005;M0;;;ST;;JD CARGADOR 544J 3a F(x) Y GARRA;1CD0
000000000000012008;0005;M0;;;ST;;JD CARGADOR 544J ACCESORIOS;1CD0
000000000000012009;0005;M0;;;ST;;JD CARGADOR 624J ESTANDAR;1CD0
000000000000012010;0005;M0;;;ST;;JD CARGADOR 624J 3a F(x);1CD0
000000000000012012;0005;M0;;;ST;;JD CARGADOR 624J 3a Y 4a F(x) Y ACC.;1CD0
000000000000012013;0005;M0;;;ST;;JD CARGADOR 644J;1CD0
000000000000012014;0005;M0;;;ST;;JD CARGADOR 724J;1CD0
000000000000012015;0005;M0;;;ST;;JD CARGADOR 724J 3a F(x);1CD0
000000000000012016;0005;M0;;;ST;;JD CARGADOR 724J CON ACCESORIOS;1CD0
000000000000012017;0005;M0;;;ST;;JD CARGADOR 744J;1CD0
000000000000012025;0005;M0;;;ST;;JD EXCAV 120;1CD0
000000000000012026;0005;M0;;;ST;;JD EXCAV 160D;1CD0
000000000000012027;0005;M0;;;ST;;JD EXCAV 200C LC;1CD0
000000000000012028;0005;M0;;;ST;;JD EXCAV 240D;1CD0
000000000000012029;0005;M0;;;ST;;JD EXCAV 80C;1CD0
000000000000012030;0005;M0;;;ST;;JD EXCAV 200C LC 3a F(x);1CD0
000000000000012037;0005;M0;;;ST;;JD MINI 317;1CD0
000000000000012038;0005;M0;;;ST;;JD MINI 320;1CD0
000000000000012039;0005;M0;;;ST;;JD MOTO 770D;1CD0
000000000000012040;0005;M0;;;ST;;JD MOTO 772D;1CD0
000000000000012041;0005;M0;;;ST;;JD MOTO 870D;1CD0
000000000000012042;0005;M0;;;ST;;JD MOTO 872D;1CD0
000000000000012050;0005;M0;;;ST;;JD RETRO 310J 4X2;1CD0
000000000000012051;0005;M0;;;ST;;JD RETRO 310J 4X4;1CD0
000000000000012052;0005;M0;;;ST;;JD RETRO 310J 4X4 A/A;1CD0
000000000000012053;0005;M0;;;ST;;JD RETRO 310J 4X4 3a F(X);1CD0
000000000000012054;0005;M0;;;ST;;JD RETRO 310J 4X4 A/A 3a F(X);1CD0
000000000000012055;0005;M0;;;ST;;JD RETRO 310J 4X4 A/A HORQUILLA;1CD0
000000000000012056;0005;M0;;;ST;;JD RETRO 310SJ 4X4 A/A;1CD0
000000000000012057;0005;M0;;;ST;;JD RETRO 310SJ 4X4 A/A B. EXT.;1CD0
000000000000012073;0005;M0;;;ST;;JD EXCAV. 200D LC;1CD0
000000000000012074;0005;M0;;;ST;;JD ARTICULADO 400D;1CD0
000000000000012390;0005;M2;;;ST;;JD EXCAV 200D LC;1CD0
000000000000012391;0005;M2;;;ST;;JD EXCAV FOREST 240D;1CD0
000000000000012392;0005;M2;;;ST;;JD FELLER BUNCHER DE ORUGAS 759J /FS20;1CD0
000000000000012394;0005;M2;;;ST;;JD 909JH TRACK HARVESTER;1CD0
000000000000012404;0005;M2;;;ST;;JD HARVESTER ORUGAS 759JH  c/HTH622B;1CD0
000000000000012405;0005;M2;;;ST;;JD 909JH HARVESTER ORUGAS DEERE;1CD0
000000000000012409;0005;M2;;;ST;;JD 540GIII  SKIDDER;1CD0
000000000000012410;0005;M2;;;ST;;JD 548G III SKIDDER;1CD0
000000000000012411;0005;M2;;;ST;;JD SKIDDER 640H UNIHUINCH HAAS;1CD0
000000000000012412;0005;M2;;;ST;;JD SKIDDER 648H;1CD0
000000000000012413;0005;M2;;;ST;;JD SKIDDER JOHN DEERE 748L;1CD0
000000000000012414;0005;M2;;;ST;;JD SKIDDER 848H;1CD0
000000000000106270;0005;M0;0000100005;070310KVI;ST;;JD BARREDOR BP72;1CD0
000000000000707936;0005;M0;;;ST;;JD MOTO 670D;1CD0
000000000000719161;0005;M0;;;ST;;JD CARGADOR 444K;1CD0
000000000000721093;0005;M0;;;ST;;JD CARGADOR 624K;1CD0
000000000000721094;0005;M0;;;ST;;JD CARGADOR 544K;1CD0
000000000000719813;0005;M0;;;ST;;JD BULLD 750J;1CD0
000000000000727779;0005;M2;;;ST;;JD CARGADOR 544J FORESTAL;1CD0
000000000000733406;0005;M1;;;ST;;JD EXCAV. 200D  USADA;1CD0
000000000000735220;0005;M0;0000100005;;ST;;JD CARGADOR 844K;1CD0
000000000000735401;0005;M0;;;ST;;JD HOJA ANG. MANUAL BULL 850J;1CD0
000000000000746952;0005;M0;;;ST;;JD HOJA ANG. HIDR BULL 850J;1CD0
000000000000747441;0005;M0;;;ST;;JD BULLD 764XHSD;1CD0
000000000000747442;0005;M2;;;ST;;JD GRUA 335D SIN GARRA;1CD0
000000000000751339;0005;M0;;;ST;;JD CARGADOR 624K TOOL CARRIER;1CD0
000000000000751414;0005;M0;;;ST;;JD EXCAV. 350G LC;1CD0
000000000000751415;0005;M2;;;ST;;JD EXCAV. 250G LC FORESTAL;1CD0
000000000000750064;0005;M0;0000100005;;ST;;JD BARREDOR BP72 (SIN ASPIRADORA);1CD0
000000000000749072;0005;M0;0000100005;AT3200934;ST;;JD PROT. CILINDRO LENVANTE 650J;1CD0
000000000000752960;0005;M0;;;ST;;JD MINI 320D SVR;1CD0
000000000000755229;0005;M0;;;ST;;JD MINI 326D;1CD0
000000000000754290;0005;M2;;;ST;;JD SKIDDER 548G III;1CD0
000000000000753159;0005;M2;;;ST;;JD 909KD Feller Buncher Orugas FR22B;1CD0
000000000000760836;0005;M2;;;ST;;JD SKIDDER 748H;1CD0
000000000000762535;0005;M0;;;ST;;JD EXCAV. 210 GLC (NO USAR);1CD0
000000000000762537;0005;M2;;;ST;;JD EXCAV 210 GLCF (NO USAR);1CD0
000000000000762011;0005;M0;0000100005;;ST;;JD RETRO 310K 4X4 A/A;1CD0
000000000000772053;0005;M0;;;ST;;JD MINI 315 PALANCAS;1CD0
000000000000781771;0005;M0;;;ST;;JD ARM Y BOOM ZAXIS 470LC;1CD0
000000000000782825;0005;M0;;;ST;;JD MINI 318D SVR;1CD0
000000000000784675;0005;M4;;;ST;;JD Cosechadora 1175 Arroz;1CD0
000000000000784679;0005;M4;;;ST;;JD Arado de Vertederas 975 / 3;1CD0
000000000000784710;0005;M4;;;ST;;JD Plataforma 616 de 16 PIES;1CD0
000000000000784792;0005;M4;;;ST;;JD Cosechadora 9770 Trigo & Maiz;1CD0
000000000000784793;0005;M4;;;ST;;JD D110 - Mower 42"" - 19 HP";1CD0
000000000000784794;0005;M4;;;ST;;JD D130 - Mower 42"" - 22 HP";1CD0
000000000000784799;0005;M4;;;ST;;JD Gator TX Turf 4X2;1CD0
000000000000784801;0005;M4;;;ST;;JD Gator XUV 855D 4x4;1CD0
000000000000784817;0005;M4;;;ST;;JD HS2002 Pinchos para Fardo 3 Ptos;1CD0
000000000000784818;0005;M4;;;ST;;JD HS2003 Pinchos para Fardo 3 Ptos;1CD0
000000000000784821;0005;M4;;;ST;;JD Plataforma Rigida 620 de 20 Pies;1CD0
000000000000784836;0005;M4;;;ST;;JD Oruga 680T;1CD0
000000000000784842;0005;M4;;;ST;;JD Arado 915 / 5;1CD0
000000000000784843;0005;M4;;;ST;;JD Rastra MX225 de 20 Discos;1CD0
000000000000784844;0005;M4;;;ST;;JD Rastra MX225 de 22 Discos;1CD0
000000000000784846;0005;M4;;;ST;;JD Rastra MX225 de 26 Discos;1CD0
000000000000784848;0005;M4;;;ST;;JD Rastra MX425 de 24 Discos;1CD0
000000000000784849;0005;M4;;;ST;;JD Rastra MX425 de 26 Discos;1CD0
000000000000784850;0005;M4;;;ST;;JD Rastra MX425 de 28 Discos;1CD0
000000000000784853;0005;M4;;;ST;;JD Sembradora Cero Labranza 1590;1CD0
000000000000784854;0005;M4;;;ST;;JD Sembradora Convencional BD 1110;1CD0
000000000000784855;0005;M4;;;ST;;JD Sembradora Convencional BD 1113;1CD0
000000000000784915;0005;M4;;;ST;;JD Rastrillo RR2109;1CD0
000000000000784916;0005;M4;;;ST;;JD Rastrillo RR2211;1CD0
000000000000784917;0005;M4;;;ST;;JD 972 Chopper;1CD0
000000000000784286;0005;M0;;;ST;;JD BRAZO RETRO MINI BH8;1CD0
000000000000792958;0005;M4;;;ST;;JD Enfardadora 348 Sisal;1CD0
000000000000792959;0005;M4;;;ST;;JD Enfardadora 348 Alambre;1CD0
000000000000792971;0005;M4;;;ST;;JD Cortadora Rotativa MX7;1CD0
000000000000792973;0005;M4;;;ST;;JD Cortadora Rotativa MX8;1CD0
000000000000792975;0005;M4;;;ST;;JD Cortadora Rotativa MX10;1CD0
000000000000792981;0005;M4;;;ST;;JD 673 para 6D Mexico 2 Funciones;1CD0
000000000000792982;0005;M4;;;ST;;JD 673 para 6J Brasil 2 Funciones;1CD0
000000000000792983;0005;M4;;;ST;;JD D170 - Mower 54"" - 26 HP";1CD0
000000000000791672;0005;M0;;;ST;;JD RETRO 310SK 4X2;1CD0
000000000000792381;0005;M0;0000100005;;ST;;JD MINI 318D PALANCAS SVR;1CD0
000000000000793047;0005;M4;;;ST;;JD Sembradora Maiz 4 Hileras 1030;1CD0
000000000000793048;0005;M4;;;ST;;JD Sembradora Maiz 6 Hileras 1030;1CD0
000000000000791875;0005;M4;;;ST;;JD Rastra MX225 de 18 Discos;1CD0
000000000000792255;0005;M4;0000100005;;ST;;JD Arado de Vertederas 975 / 4;1CD0
000000000000792256;0005;M4;0000100005;;ST;;JD Arado 913 / 3;1CD0
000000000000839908;0005;M2;;;ST;;JD SKIDDER 640L;1CD0
000000000000843497;0005;M2;;;ST;;JD HARVESTER ORUGAS 859MH-SIN CABEZAL;1CD0
000000000000845268;0005;M4;;;ST;;JD 553 para serie India 5E Cabina 2 Func;1CD0
000000000000845325;0005;M0;;;ST;;JD BR RETRO 310K 4X4 A/A;1CD0
000000000000845330;0005;M0;;;ST;;JD RETRO 310K 4X4 A/A PALANCAS;1CD0
000000000000845474;0005;M0;;;ST;;JD MINI 318G PALANCAS;1CD0
000000000000844311;0005;M2;;;ST;;JD HARVESTER ORUGAS 859MH + HTH622B;1CD0
000000000000843078;0005;M2;;;ST;;JD 1470G HARVESTER RUEDAS 6X6 H290 HAAS;1CD0
000000000000844742;0005;M0;;;ST;;JD KIT PIN DISCONNECT CARGADORES;1CD0
000000000000848363;0005;M4;;;ST;;JD Pulverizadora 4730;1CD0
000000000000848574;0005;M0;;;ST;;JD BR CARGADOR 624K;1CD0
000000000000847951;0005;M0;;;ST;;JD EXCAV. 210G LC TERCERA FUNCION BR;1CD0
000000000000851085;0005;M4;;;ST;;JD Receptor satelital StarFire 6000;1CD0
000000000000849793;0005;M4;;;ST;;JD Small Wire Concave Kit;1CD0
000000000000849849;0005;M2;;;ST;;JD SWING MACHINE 2454D CON HTH622B;1CD0
000000000000849850;0005;M2;;;ST;;JD SWING MACHINE 2454D CON HTH623C;1CD0
000000000000851224;0005;M2;;;ST;;JD GRUA 337E SIN GARRA;1CD0
000000000000852071;0005;M2;;;ST;;JD HARVESTER ORUGAS 859MH + HTH623C;1CD0
000000000000855387;0005;M4;0000100005;57PF90894I;ST;;JD Steering System;1CD0
000000000000856810;0005;M0;;;ST;;JD MINI 324E;1CD0
000000000000855413;0005;M2;;;ST;;JD GRUA 337E CON GARRA;1CD0
000000000000855462;0005;M0;;;ST;;JD RETRO 310L 4X4 TIER III A/A PALANCAS;1CD0
000000000000856909;0005;M0;;;ST;;JD MOTO 672G;1CD0
000000000000857269;0005;M4;0000100005;57TCB10953I;ST;;JD Kit de Mulching para Ztrak 997R;1CD0
000000000000854987;0005;M4;0000100005;57PF90780I;ST;;JD Soporte para antena STF 6000 6J;1CD0
000000000000855602;0005;M4;;;ST;;JD cargadores 562 - 5082 mex 2 funciones;1CD0
000000000000856263;0005;M4;;;ST;;JD Base Inst. Series 5000 y 6000 Mex;1CD0
000000000000856264;0005;M4;;;ST;;JD Anclaje para Base inst. RTK Base Cont;1CD0
000000000000856474;0005;M4;0000100005;;ST;;JD MID-MOUNT COUPLERS 2FN;1CD0
000000000000856475;0005;M4;0000100005;;ST;;JD HOSES AND PRTS 2FN;1CD0
000000000000861094;0005;M0;;;ST;;JD MINI 314G;1CD0
000000000000862040;0005;M2;;;ST;;JD SWING MACHINE 2654G FORESTAL;1CD0
000000000000859495;0005;M0;;;ST;;JD MINI 312GR;1CD0
000000000000864009;0005;M4;0000100005;;ST;;JD cuchillas de D110 / D130;1CD0
000000000000864030;0005;M0;0000100005;;ST;;JD KIT F(X) HIDRAULICA RETROS 310K/L BR;1CD0
000000000000864141;0005;M4;;;ST;;JD AG Tractor 6195M TRA CAB ESPECIAL;1CD0
000000000000863457;0005;M2;;;ST;;JD FORWARDER 1510G  8x8 HUINCHE HAAS;1CD0
000000000000872673;0005;M4;;;ST;;JD Manguera 3° Función;1CD0
000000000000873669;0005;M1;;;ST;;JD FORWARDER DEERE 1510G  8x8;1CD0
000000000000874332;0005;M4;;;ST;;JD Kit para Pala 673 6J con Tercera Func;1CD0
000000000000874333;0005;M4;;;ST;;JD Kit para Pala 562 para 5090 dos func;1CD0
000000000000874335;0005;M4;;;ST;;JD Kit para Pala  553;1CD0
000000000000874908;0005;M4;;;ST;;JD cargador 553 - 5076EF;1CD0
000000000000872802;0005;M4;;;ST;;JD 563 para 6403 - 3 FUNC. - 4 CILINDROS;1CD0
000000000000872813;0005;M0;;;ST;;JD CARGADOR WL56;1CD0
000000000000872188;0005;M4;;APY16308;ST;;JD JOYSTICK MANDO 562 P 5082;1CD0
000000000000872189;0005;M4;;APY15692;ST;;JD JOYSTICK MANDO 562 P 5090;1CD0
000000000000873130;0005;M4;;;ST;;JD kit ams monitor-cable-antena-activSF1;1CD0
000000000000871844;0005;M0;;;ST;;JD AUGER PA40 (ACCESORIO p/RETRO);1CD0
000000000000878512;0005;M2;;;ST;;JD SWING MACHINE 2144G C / HTH616C;1CD0
000000000000879599;0005;M4;;;ST;;JD cargadores jd 741 3 FUN SUS;1CD0
000000000000877640;0005;M2;;;ST;;JD SWING MACHINE 2144G C / HTH622B;1CD0
000000000000877711;0005;M2;;;ST;;JD SWING MACHINE 2144G + GARRA SERCO 5/8;1CD0
000000000000877812;0005;M0;;;ST;;JD ACCESORIO BARRENO;1CD0
000000000000882097;0005;M4;;;ST;;JD CONTRAPESO DELANTERO 6J 07R545180I;1CD0
000000000000882318;0005;M4;;;ST;;JD SOPORTE LASTRE 07AL176563I;1CD0
000000000000882325;0005;M4;;;ST;;JD CAJA DE HERRAMIENTAS RE275591;1CD0
000000000000882329;0005;M4;;;ST;;JD ENGANCHE CATEGORIA BRAZOS AL32027;1CD0
000000000000882330;0005;M4;;;ST;;JD ENGANCHE CATEGORIA TERCER PUNTO L4205;1CD0
000000000000882334;0005;M4;;;ST;;JD TAPA BARRO AL180326;1CD0
000000000000882789;0005;M4;;;ST;;JD CARDAN DE 6115J N/P AL173864;1CD0
000000000000883546;0005;M0;;;ST;;JD BULLD 850J BR;1CD0
000000000000888113;0005;M4;;;ST;;JD E130 - Mower 42"" - 22 HP";1CD0
000000000000888114;0005;M4;;;ST;;JD E140 - Mower 48"" - 22 HP";1CD0
000000000000888115;0005;M4;;;ST;;JD E180 - Mower 54"" - 25 HP";1CD0
000000000000887862;0005;M2;;;ST;;JD HARVESTER ORUGAS 959MH CON FL100;1CD0
000000000000888248;0005;M4;;;ST;;JD E110 - Mower 42"" - 19 HP";1CD0
000000000000888304;0005;M4;;;ST;;JD Contrapesos delantero MODELO  5G;1CD0
000000000000888305;0005;M4;0000100005;57PS6415006I;ST;;JD Creeper de 6115J N/P AL165470;1CD0
000000000000884689;0005;M4;;;ST;;JD ENGANCHE K80;1CD0
000000000000886136;0005;M4;;;ST;;JD carg 673 - 6d 3 fun sus/prot s/balde;1CD0
000000000000884046;0005;M4;;;ST;;JD CREEPER 6415 PARA POWERQUAD;1CD0
000000000000884048;0005;M4;;;ST;;JD EJE CARDAN;1CD0
000000000000886286;0005;M4;;;ST;;JD carg jd 673-6J 3func 4 cil sin balde;1CD0
000000000000886288;0005;M2;;;ST;;JD 1910G FORWARDER RUEDAS 8X8;1CD0
000000000000884163;0005;M4;0000100005;57BW15774I;ST;;JD JOYSTICK Y CAJA DE VÁLVULAS DE 3 FUNC;1CD0
000000000000884164;0005;M4;0000100005;;ST;;JD MANGUERAS Y NIPLES;1CD0
000000000000884165;0005;M4;0000100005;57BW15778I;ST;;JD mangueras y niples de tercera función;1CD0
000000000000884166;0005;M4;0000100005;57BW15490I;ST;;JD CAÑERÍAS DE TERCERA FUNCIÓN;1CD0
000000000000884167;0005;M4;0000100005;57BW15554I;ST;;JD ACOPLES CENTRALES TERCERA FUNCIÓN;1CD0
000000000000884168;0005;M4;0000100005;57SJ12058I;ST;;JD SOPORTE CAJA DE VÁLVULAS;1CD0
000000000000884169;0005;M4;0000100005;5738H5192I;ST;;JD conexión;1CD0
000000000000884170;0005;M4;0000100005;57RE178426I;ST;;JD MANGUERA 1;1CD0
000000000000884201;0005;M4;0000100005;57RE178427I;ST;;JD MANGUERA 2;1CD0
000000000000884202;0005;M4;0000100005;57RE178425I;ST;;JD MANGUERA 3;1CD0
000000000000884203;0005;M4;0000100005;5715H666I;ST;;JD TAPÓN ROSCADO;1CD0
000000000000884227;0005;M4;;;ST;;JD Gator XUV855M 4X4;1CD0
000000000000891310;0005;M4;;;ST;;JD BARRA LEVANTE HID IZQ CAT.3;1CD0
000000000000889345;0005;M0;;;ST;;JD EXCAV. 470G LC MASS EXCAVATOR;1CD0
000000000000893227;0005;M4;;;ST;;JD rotoempacadora F441M;1CD0
000000000000893228;0005;M4;;;ST;;JD rotoempacadora F441R;1CD0
000000000000893229;0005;M4;;;ST;;JD rotoempacadora combinada C441R;1CD0
000000000000893292;0005;M2;;;ST;;JD EXCAV 210G LCF C/PLANTADOR BRACKE P12;1CD0
000000000000893378;0005;M0;;;ST;;JD BRAZO RETRO BRADCO 509B-12-JDSG (BH8);1CD0
000000000000893380;0005;M0;;;ST;;JD BRAZO RETRO BRADCO 511B12-JDMG (BH11);1CD0
000000000000894915;0005;M0;;;ST;;JD MINI 320G PALANCAS;1CD0
000000000000894920;0005;M2;;;ST;;JD 1470G HARVESTER RUEDAS 6X6 H290;1CD0
000000000000906602;0005;M0;;;ST;;JD CARGADOR 644K  BR;1CD0
000000000000908040;0005;M4;0000100005;021RPC;ST;;JD jdlink MTG 4G LTE(jdlink connect);1CD0
000000000000914543;0005;M2;;;ST;;JD SKIDDER 648L HD;1CD0
000000000000914544;0005;M0;;;ST;;JD EXCAV. 200G BR;1CD0
000000000000914861;0005;M4;0000100157;021RPC - 6099;ST;;JD jdlink MTG 4G LTE(sin suscripción);1CD0
000000000000914870;0005;M4;;;ST;;JD Esparcidor de materia seca R4030;1CD0
000000000000916014;0005;M0;;;ST;;JD BRAZO RETRO MINI BH9;1CD0
000000000000916016;0005;M0;;;ST;;JD MOTO 620G;1CD0
000000000000915813;0005;M4;;;ST;;JD 563 PARA 6E - 3 FUNCIONES;1CD0
000000000000915682;0005;M4;;57BPF11770I;ST;;JD KIT INTEGRADO MTG 4G TRACTORES 6M;1CD0
000000000000915937;0005;M4;0000100005;057PFA11823I;ST;;JD CONECT AUTOTRAC300 A CABLEADO GS RDY;1CD0
000000000000915938;0005;M4;0000100005;57PFP18564I;ST;;JD INTERRUPTOR REANUDACIÓN ATU 300;1CD0
000000000000912815;0005;M4;;57BPF10201I;ST;;JD KIT INTEGRADO MTG 4G SPRAYERS 4630;1CD0
000000000000919605;0005;M2;;;ST;;JD FRONT WINDOWS KBL FK;1CD0
000000000000919608;0005;M2;;;ST;;JD SWING MACHINE 2154G FORESTAL (BASE);1CD0
000000000000919781;0005;M4;0000100005;PF90591;ST;;JD kit conector ISO BUS para implemento;1CD0
000000000000920112;0005;M4;;;ST;;JD SUSCRIPCIÓN JD LINK CONNECT 1 AÑO;1CD0
000000000000920113;0005;M4;;;ST;;JD SUSCRIPCIÓN JD LINK CONNECT 2 AÑOS;1CD0
000000000000920114;0005;M4;;;ST;;JD SUSCRIPCIÓN JD LINK CONNECT 3 AÑOS;1CD0
000000000000918246;0005;M4;;;ST;;JD MOWER DECK 60" PARA 1550;1CD0
000000000000917103;0005;M4;;7320PC;ST;;JD radio RTK 450 MHZ para receptores SF;1CD0
000000000000917104;0005;M4;;7307PC;ST;;JD ACT RTK REC SF 6000 SEÑAL DIF SF3 RDY;1CD0
000000000000917105;0005;M4;;070FPC;ST;;JD monitor gen 4 4640;1CD0
000000000000917927;0005;M4;;;ST;;JD 1570;1CD0
000000000000923802;0005;M2;;;ST;;JD HARVESTER ORUGAS 959MH CON HTH624C;1CD0
000000000000924272;0005;M2;;;ST;;JD SKIDDER 768L;1CD0
000000000000922940;0005;M2;;;ST;;JD HARVESTER ORUGAS 959MH CON HTH623C;1CD0
000000000000921705;0005;M4;;;ST;;JD 673 para 6E Mexico 3 Fun Protec;1CD0
000000000000922418;0005;M4;;;ST;;JD 1550;1CD0
000000000000921174;0005;M2;;;ST;;JD CABEZAL H415;1CD0
000000000000921175;0005;M2;;;ST;;JD SHOVEL LOGGER 959ML SIN CABEZAL;1CD0
000000000000884985;0005;M4;0000100005;57BM21816I;ST;;JD KIT DE MULCH- Z335E;1CD0
000000000000917674;0005;M4;;;ST;;JD RECOLECTOR-Z335E;1CD0
000000000000915777;0005;M4;;;ST;;JD SUSCRIPCIÓN SEÑAL SFE POR 3 MESES;1CD0
000000000000915779;0005;M4;;;ST;;JD SUSCRIPCIÓN SEÑAL SF3 POR 12 MESES;1CD0
000000000000793414;0005;M4;;;ST;;JD GATOR TH 6X4;1CD0
000000000000913209;0005;M2;;;ST;;JD FELLER ORUGAS 959M CON FR27;1CD0
000000000000784486;0005;M4;;;ST;;JD Tractor 5075E OOS;1CD0
000000000000784490;0005;M4;;;ST;;JD Tractor 5725 CAB;1CD0
000000000000784492;0005;M4;;;ST;;JD Tractor 5045E OOS;1CD0
000000000000784493;0005;M4;;;ST;;JD Tractor 5065E OOS 4x4;1CD0
000000000000784502;0005;M4;;;ST;;JD Tractor 6603 OOS;1CD0
000000000000784504;0005;M4;;;ST;;JD Tractor 6110D OOS;1CD0
000000000000784505;0005;M4;;;ST;;JD Tractor 6110D CAB;1CD0
000000000000784506;0005;M4;;;ST;;JD Tractor 6125D OOS;1CD0
000000000000784507;0005;M4;;;ST;;JD Tractor 6125D CAB;1CD0
000000000000784508;0005;M4;;;ST;;JD Tractor 6110J CAB;1CD0
000000000000784510;0005;M4;;;ST;;JD Tractor 6145J CAB;1CD0
000000000000784512;0005;M4;;;ST;;JD Tractor 6165J CAB;1CD0
000000000000784514;0005;M4;;;ST;;JD Tractor 7225J CAB;1CD0
000000000000792978;0005;M4;;;ST;;JD Tractor 7210J CAB;1CD0
000000000000792985;0005;M4;;;ST;;JD Z445M;1CD0
000000000000840021;0005;M4;;;ST;;JD Tractor 5075E CAB;1CD0
000000000000846229;0005;M4;0000100005;BM20566;ST;;JD Vertical Cutter;1CD0
000000000000848350;0005;M4;;;ST;;JD Tractor 5045D OOS;1CD0
000000000000851083;0005;M4;;;ST;;JD Tractor 6140M - Estandar;1CD0
000000000000851084;0005;M4;;;ST;;JD Tractor 6175M FULL, JD LINK CONNECT;1CD0
000000000000851087;0005;M4;;;ST;;JD X384 - Mower 48"" - 22 HP";1CD0
000000000000852766;0005;M4;;;ST;;JD UPGRADE SF3 RDY PARA SF 6000 CON SF1;1CD0
000000000000853023;0005;M4;;;ST;;JDL.C.+RDA 1AÑO COSECH.70STS C/ GS3 2630;1CD0
000000000000853043;0005;M4;;;ST;;JD Tractor 5082 CAB;1CD0
000000000000857120;0005;M4;;;ST;;JD Tractor 5092EN Cab;1CD0
000000000000857336;0005;M4;;;ST;;JD Tractor 6125D CAB 24x12 Radial +CPESO;1CD0
000000000000855705;0005;M4;0000100005;57BG20748I;ST;;JD Turbina  tr Jardín X384 (BG20748);1CD0
000000000000861290;0005;M4;;;ST;;JD Tractor 5085GL OOS;1CD0
000000000000861311;0005;M4;;;ST;;JD Tractor 5085GN CAB;1CD0
000000000000861312;0005;M4;;;ST;;JD Tractor 5075GN CAB;1CD0
000000000000861313;0005;M4;;;ST;;JD Tractor 5085GV CAB;1CD0
000000000000862264;0005;M4;;;ST;;JD Tractor 6195M;1CD0
000000000000861047;0005;M4;;;ST;;JD Tractor 6175M AMS FULL;1CD0
000000000000861062;0005;M4;;;ST;;JD Tractor 5065E FRUTERIZADO;1CD0
000000000000864082;0005;M4;;;ST;;JD Tractor 6115J TRA CAB;1CD0
000000000000874701;0005;M4;;;ST;;JD Tractor 5065E HORTALICERO;1CD0
000000000000879177;0005;M4;;;ST;;JD Tractor 6195M W.(LEVANTE Y PTO);1CD0
000000000000882321;0005;M4;;;ST;;JD VIDRIO DERECHO L210075;1CD0
000000000000886255;0005;M4;;;ST;;JD Tractor 5090EN OOS;1CD0
000000000000886259;0005;M4;;;ST;;JD Tractor 6195M AMS FULL;1CD0
000000000000886282;0005;M4;;;ST;;JD TRACTOR 7230J AMS FULL;1CD0
000000000000890457;0005;M4;;;ST;;JD Ztrak 540M;1CD0
000000000000890459;0005;M4;;;ST;;JD Tractor 5085GV RODADOS GN CAB;1CD0
000000000000890047;0005;M4;;;ST;;JD Tractor 6135J CAB;1CD0
000000000000904891;0005;M4;;;ST;;JD Tractor 5085GV CAB ULTRA ANGOSTO;1CD0
000000000000904892;0005;M4;;;ST;;JD Tractor 6135J AMS  FULL;1CD0
000000000000904893;0005;M4;;;ST;;JD Tractor 6135J RODADO ANCHO AMS FULL;1CD0
000000000000904894;0005;M4;;;ST;;JD Tractor 6150J CAB FULL AMS;1CD0
000000000000914576;0005;M4;;;ST;;JD Tractor 6110E CAB 24 x 12 Radial;1CD0
000000000000914578;0005;M4;;;ST;;JD Tractor 6125E CAB 24x12 Radial;1CD0
000000000000916011;0005;M4;;;ST;;JD Tractor 6195M FULL JD LINK CONNE;1CD0
000000000000911704;0005;M4;;;ST;;JD Tractor 6140M FULL;1CD0
000000000000914456;0005;M4;;;ST;;JD Tractor 7310R CAB;1CD0
000000000000917673;0005;M4;;;ST;;JD Z335E;1CD0
000000000000921295;0005;M4;;;ST;;JD Tractor 5125ML;1CD0
000000000000920669;0005;M4;;;ST;;JD Tractor 5090EN OOS CREEPER;1CD0
000000000000921707;0005;M4;;;ST;;JD Tractor 6150J CAB Radial;1CD0
000000000000848836;0005;M4;;;ST;;JD Ztrak 997 - Mower 60"" - 37,4 HP";1CD0
000000000000012408;0005;M2;;;ST;;JD 1470D HARVESTER RUEDAS 6X6;1CD0
000000000000843077;0005;M2;;;ST;;JD 1270G HARVESTER RUEDAS 6X6 HAAS H270;1CD0
000000000000855668;0005;M2;;;ST;;JD 1170E HARVESTER RUEDAS 6X6 H414C;1CD0
000000000000861647;0005;M2;;;ST;;JD 1270G HARVESTER RUEDAS 6X6 H480C;1CD0
000000000000873667;0005;M2;;;ST;;JD 1270G HARVESTER RUEDAS 8X8 H415;1CD0
000000000000916019;0005;M2;;;ST;;JD 1270G HARVESTER RUEDAS 6X6 H415;1CD0
000000000000911785;0005;M2;;;ST;;JD 1170G HARVESTER RUEDAS 6X6 HAAS/H413;1CD0
000000000000713570;0005;M0;;;ST;;GATOR UTILITY;1CD0
000000000000851107;0005;M4;;;ST;;GARRA MADERERA,MARCA TENIAS;1CD0
000000000000012396;0005;M1;;;ST;;FORWARDER JOHN DEERE 1010D;1CD0
000000000000012397;0005;M1;;;ST;;FORWARDER JOHN DEERE 1110D;1CD0
000000000000012398;0005;M1;;;ST;;FORWARDER JOHN DEERE 1410D;1CD0
000000000000012399;0005;M1;;;ST;;FORWARDER JOHN DEERE 1710D;1CD0
000000000000855669;0005;M2;;;ST;;FORWARDER DEERE 1110E 8x8;1CD0
000000000000855670;0005;M2;;;ST;;FORWARDER DEERE 1210E 8x8;1CD0
000000000000855681;0005;M2;;;ST;;FORWARDER DEERE 1510E  8x8;1CD0
000000000000856587;0005;M2;;;ST;;FORWARDER DEERE 1510E 8x8;1CD0
000000000000002191;0005;M4;;;ST;;GREENSTAR 3 2630 LINEA 600 PREMIUM BASIC;1CD0
000000000000012403;0005;M2;;;ST;;GRUA FORESTAL JOHN DEERE 437C SIN GARRA;1CD0
000000000000012498;0005;M3;;;ST;;GRUA FORESTAL DEERE 330L, USADA;1CD0
000000000000012502;0005;M3;;;ST;;GRUA FORESTAL DEERE 437C, USADA;1CD0
000000000000753385;0005;M0;;;ST;;FUNCION HIDRAULICA EXCAVADORA 20 TONS;1CD0
000000000000925280;0005;M2;0000100052;;ST;;KIT RUEDA REPUESTO Y TRACKS PARA 1270G;1CD0
000000000000840267;0005;M4;;;ST;;KIT, UNMOUNTED PULLEY W/ADP&HW;1CD0
000000000000848485;0005;M4;;;ST;;KIT TUBERIA D ACEITE;1CD0
000000000000848486;0005;M4;;;ST;;KIT VALVULA SELECTIVA 3 FUNCIONES;1CD0
000000000000850167;0005;M4;;;ST;;KIT TERCERA FUNCION (DESVALORIZACION);1CD0
000000000000876157;0005;M0;;;ST;;KL PLANTA MSC 703 EVO SELECCI ARIDOS;1CD0
000000000000876155;0005;M0;;;ST;;KL PLANTA MSC 702 EVO SELECCI ARIDOS;1CD0
000000000000892948;0005;M0;;;ST;;KL PLANTA MSC 953 EVO SELECCI ARIDOS;1CD0
000000000000728742;0005;MT;0000100117;07RE530623I;ST;;KIT RADIADOR MOTOR 6068 HF;1CD0
000000000000730703;0005;MT;;;ST;;KIT RADIADOR MOTOR 6068 TF;1CD0
000000000000751893;0005;MT;;;ST;;KIT RADIADOR MOTOR 6068 HF-475 (DR3645);1CD0
000000000000840264;0005;M4;;;ST;;KIT JD6015/6020 LEXAN DOOR;1CD0
000000000000878553;0005;M0;;;ST;;KIT LAMINA SEGURIDAD - CAHUELMO;1CD0
000000000000883465;0005;M4;;;ST;;KIT HERRAMIENTAS MOP;1CD0
000000000000915774;0005;M4;;57BPF10146I;ST;;KIT INST MTG 4G TRACT 7030/8030 USA, EUR;1CD0
000000000000924280;0005;M0;0000100005;;ST;;KIT QUICK COUPLER;1CD0
000000000000861101;0005;M4;;;ST;;KIT JD LINK + RDA 1 AÑO SPRAYER GS3 2630;1CD0
000000000000853024;0005;M4;;;ST;;KIT JD LINK+RDA 1AÑO COSECH. S GS3 2630;1CD0
000000000000844708;0005;M4;;;ST;;LLANTA 460/85 R34;1CD0
000000000000908045;0005;M4;0000100005;BPF10174;ST;;KIT PARA ANCLAJE ANTENA MTG 4G;1CD0
000000000000853341;0005;M4;;;ST;;LLANTA ARO 34;1CD0
000000000000885664;0005;M0;;;ST;;LAMINA DE SEGURIDAD;1CD0
000000000000707151;0005;M0;;;ST;;KIT DE LUCES 300D;1CD0
000000000000723610;0005;M0;;;ST;;KIT DE FILTROS RACORD RETRO PRE ENTREGA;1CD0
000000000000723611;0005;M0;;;ST;;KIT DE FILTROS RACORD MOTO PREENTREGA;1CD0
000000000000723612;0005;M0;;;ST;;KIT DE FILTROS RACORD CARGAD PRE ENTREGA;1CD0
000000000000853106;0005;M4;;;ST;;KIT DE 3RA FUNCION 6J (2.0).;1CD0
000000000000913614;0005;M4;0000100005;BPF10159;ST;;KIT DE CABLES MTG PARA EQUIPOS S/RED CAN;1CD0
000000000000853515;0005;M4;0000100005;57PF90676I;ST;;Kit de soportes escudrados para receptor;1CD0
000000000000775455;0005;M0;;;ST;;KIT ALL HYDRAULIC WING ASSEMBLY 772G;1CD0
000000000000908044;0005;M4;0000100005;BPF10129;ST;;KIT ANCLAJE PARA MTG 4G Y CABLE;1CD0
000000000000861100;0005;M4;;;ST;;KIT AUTO. GS2 TRAC. 7X15, 7X30 GS RDY;1CD0
000000000000791630;0005;M0;;;ST;;DI CILINDROS RUNNERS;1CD0
000000000000890201;0005;M4;;;ST;;DESPARRAMADOR DE PAJA PARA 9750;1CD0
000000000000859193;0005;M4;;;ST;;DV RODADO 280/70 R 16;1CD0
000000000000859196;0005;M4;;;ST;;DV NEUMATICO  380/70 R 24;1CD0
000000000000904434;0005;M4;;;ST;;DV PINZA PARA BOLOS GOWEIL;1CD0
000000000000861417;0005;M4;;;ST;;DV RODADO COMPLETO HORTALICERO 11,2  R48;1CD0
000000000000848619;0005;M4;;;ST;;Drive Kit / BM22469;1CD0
000000000000924278;0005;M0;0000100005;;ST;;CONTROL HIDRAULICO ACOPLE RAPIDO 624K;1CD0
000000000000885819;0005;M4;;;ST;;CUCHILLAS PARA DESBROZADOR;1CD0
000000000000012389;0005;M1;;;ST;;EXCAVADORA JOHN DEERE 200C LC;1CD0
000000000000012417;0005;M1;;;ST;;EXCAVADORA JOHN DEERE 160D;1CD0
000000000000724417;0005;M0;;;ST;;FALTANTES CABEZAL WARRIOR;1CD0
000000000000719862;0005;M0;;;ST;;FALTANTES BULLDOZER 750J;1CD0
000000000000863329;0005;M2;;;ST;;EXCAVADORA JD 210GLC;1CD0
000000000000905828;0005;M2;0000100005;;ST;;EXTENDED PARTS KIT QUADCO;1CD0
000000000000917109;0005;M4;;57BPF11284I;ST;;EXT. FRONTAL RED ISOBUS 10 MTS. PARA IMP;1CD0
000000000000921704;0005;M4;;;ST;;EX CABINA 5125ML;1CD0
000000000000012393;0005;M1;;;ST;;FELLER BUNCHER DE ORUGAS DEERE 853J;1CD0
000000000000012395;0005;M1;;;ST;;FELLER BUNCHER DE ORUGAS DEERE 953J;1CD0
000000000000012496;0005;M3;;;ST;;FELLER JOHN DEERE FORESTA 2618, USADO;1CD0
000000000000012497;0005;M3;;;ST;;FELLER JOHN DEERE FORESTA 2628, USADO;1CD0
000000000000012500;0005;M3;;;ST;;FELLER JOHN DEERE FORESTAL 762C, USADO;1CD0
000000000000847347;0005;M4;;;ST;;EQUILIBRIO COSTO APCO;1CD0
000000000000910495;0005;M4;;;ST;;NA RODADO COMPLETO 460/85 R38;1CD0
000000000000734848;0005;M0;0000100005;;ST;;JD MOTO 872GP TIV;1CD0
000000000000872669;0005;M4;0000100005;57PF81294I;ST;;JD ANCLAJES DE LUJO UNIVERSAL STARFIRE;1CD0
000000000000004343;0005;M4;;;ST;;VENTA ANTICIPADA TRACTOR;1CD0
000000000000856265;0005;M4;;;ST;;ANCLAJE FORMA L;1CD0
